author,word1,word2,source
5805,music,disco,wrongplanet
2659,music,video,sas
5714,music,Violin,wrongplanet
5749,music,Dance,wrongplanet
5293,music,performance,wrongplanet
2709,music,box,sas
3046,music,man,sas
2901,music,listen,sas
1492,music,Rock,gog
4720,music,Oompah,the_fishy
5249,music,loud,wrongplanet
881,music,Listen,bleeping_computer
399,music,guitar,atu2
6194,music,Radio,wrongplanet
975,music,soothes,ecig
4424,music,Sound,sas
4706,music,Jazz,the_fishy
1759,music,songs,gog
2590,music,sing along,learn_english
4280,music,instrument,sas
2758,music,instrument,sas
2970,music,loud,sas
2709,music,box,sas
5482,music,sound,wrongplanet
1492,music,Gothic,gog
318,music,notes,atu2
6218,music,orchestra,wrongplanet
2449,music,Download,gog
5450,music,Radio,wrongplanet
435,music,Band,atu2
2668,music,Soothing,sas
4954,music,movement,wrongplanet
4148,music,eargasm,sas
235,music,sounds,aspiecentral
2554,music,badge,learn_english
1183,music,tunes,ecig
4400,music,theatre,sas
483,music,symphony,atu2
1183,music,tunes,ecig
1605,music,mathematics,gog
2709,music,Sheet,sas
2624,music,How it works please,learn_english
394,music,dreamy,atu2
5234,music,Symphony,wrongplanet
1625,music,rhyth,gog
5364,music,Theory,wrongplanet
4881,music,Player,wrongplanet
5289,music,sing,wrongplanet
2901,music,much,sas
1451,music,Epic,gog
460,music,Katie and Julie,atu2
6194,music,singing,wrongplanet
2729,music,sound,sas
682,music,box,bleeping_computer
4651,music,dancing,sas
2519,music,concert,learn_english
2590,music,sing along,learn_english
3805,music,store,sas
466,music,songs,atu2
5973,music,arts,wrongplanet
133,music,Sound,aspiecentral
1187,music,beans,ecig
827,music,Notes,bleeping_computer
345,music,songs,atu2
1273,music,sound,gog
5009,music,melody,wrongplanet
842,music,beat Pandy,bleeping_computer
2709,music,rock,sas
39,music,Reggae,aspiecentral
6194,music,Listen,wrongplanet
4023,music,instruments,sas
3948,music,rock,sas
235,music,notes,aspiecentral
3888,music,Notes,sas
404,music,band,atu2
1056,music,melody,ecig
3936,music,master,sas
323,music,sound,atu2
975,music,melody,ecig
2718,music,instrument,sas
2963,music,CD,sas
3254,music,Blood,sas
6156,music,albums,wrongplanet
1733,music,Festival,gog
462,music,U2,atu2
6076,music,song,wrongplanet
3613,music,maker,sas
2581,music,Johann Strauss Orchestra,learn_english
1705,music,melodic,gog
409,music,Concert,atu2
435,music,Lyrics,atu2
1733,music,Listen,gog
4189,music,art,sas
6218,music,sound,wrongplanet
435,music,Noise,atu2
2668,music,Artist,sas
6120,music,Rammstein,wrongplanet
979,music,stars,ecig
435,music,Emotional,atu2
4771,music,Jazz,the_fishy
1521,music,musical,gog
221,music,sensation,aspiecentral
2831,music,concert,sas
489,music,rising,atu2
429,music,Rock,atu2
1273,music,night,gog
500,music,U2,atu2
2041,music,song,gog
6296,music,Laaa,wrongplanet
1178,music,Lessons,ecig
3141,music,festival,sas
3377,music,Lover,sas
400,music,life,atu2
386,music,U2,atu2
2207,music,radio,gog
6276,music,Pop,wrongplanet
4470,music,dance,sas
4817,music,Guitar,the_fishy
5034,music,note,wrongplanet
466,music,disco,atu2
1273,music,Dance,gog
4073,music,violin,sas
3253,music,ipod,sas
399,music,Environments,atu2
4636,music,strings,sas
4148,music,sounds,sas
4351,music,is better than not music,sas
4054,music,Concert,sas
1605,music,Stones,gog
489,music,the universal language,atu2
2747,music,stereo,sas
2144,music,Classic,gog
4433,music,singer,sas
133,music,melody,aspiecentral
3141,music,baby,sas
2709,music,pop,sas
3141,music,baby,sas
1373,music,disco,gog
896,music,soothing,bleeping_computer
428,music,Dance,atu2
1596,music,relaxation,gog
1207,music,Video,ecig
435,music,Sound,atu2
1224,music,beast,ecig
5459,music,maestro,wrongplanet
435,music,Sheet,atu2
2599,music,rhyth,learn_english
462,music,wonderful,atu2
429,music,Soul,atu2
2976,music,genre,sas
5343,music,Radio,wrongplanet
3342,music,song,sas
4719,music,Chairs,the_fishy
489,music,melody,atu2
400,music,happiness,atu2
3118,music,aesthetics,sas
4876,music,rhyth,wrongplanet
2718,music,notes,sas
5828,music,Blues,wrongplanet
5505,music,life,wrongplanet
418,music,Live and let die,atu2
459,music,U2,atu2
1733,music,Composer,gog
6263,music,Bach,wrongplanet
6175,music,MP3,wrongplanet
1204,music,orchestra,ecig
823,music,Sweet,bleeping_computer
1517,music,Symphony,gog
1183,music,tunes,ecig
6011,music,happiness,wrongplanet
3436,music,Song,sas
1066,music,notes,ecig
1836,music,Jukebox,gog
2901,music,play,sas
3161,music,escape,sas
333,music,Entertainment,atu2
1079,music,tune,ecig
4463,music,Singing,sas
3003,music,notes,sas
1138,music,muzak,ecig
4424,music,guitar,sas
3818,music,Tune,sas
2207,music,drums,gog
496,music,notes,atu2
435,music,Awesome,atu2
5346,music,Rhapsody,wrongplanet
881,music,Listen,bleeping_computer
2831,music,lyrics,sas
459,music,Jeez,atu2
3777,music,broadcast,sas
2449,music,Harmony,gog
2709,music,city,sas
5416,music,song,wrongplanet
435,music,Lyrics,atu2
4881,music,note,wrongplanet
486,music,singing,atu2
435,music,Lyrics,atu2
1631,music,melody,gog
4038,music,theatrical,sas
2718,music,entertainment,sas
2901,music,listen,sas
5450,music,Violin,wrongplanet
1414,music,Song,gog
3436,music,Barrier,sas
2073,music,Groove,gog
435,music,Love,atu2
799,music,oldies,bleeping_computer
435,music,Life,atu2
368,music,education,atu2
4876,music,player,wrongplanet
2709,music,box,sas
3342,music,muse,sas
5932,music,sound,wrongplanet
1492,music,operetta,gog
4299,music,Playlist,sas
1297,music,Classical,gog
1225,music,radio,ecig
12,music,Melody,aspiecentral
4584,music,producer,sas
3342,music,beatbox,sas
325,music,Drugs,atu2
1273,music,Ceremony,gog
2709,music,box,sas
429,music,love,atu2
4721,music,instrument,the_fishy
429,music,dancing,atu2
400,music,tv,atu2
2984,music,People,sas
5825,music,sound,wrongplanet
3536,music,Flows,sas
1066,music,notes,ecig
3342,music,melody,sas
2590,music,piano,learn_english
2730,music,loud,sas
435,music,Lyrics,atu2
4424,music,wired,sas
1079,music,tunes,ecig
1056,music,festival,ecig
2709,music,box,sas
1089,music,Intrument,ecig
429,music,Heart,atu2
1492,music,Maker,gog
50,music,Notes,aspiecentral
3235,music,silence,sas
2718,music,tones,sas
388,music,classic rock,atu2
568,music,composer,bleeping_computer
12,music,Box,aspiecentral
1693,music,Tune,gog
1056,music,relaxing,ecig
5917,music,Bach,wrongplanet
4225,music,Radio,sas
386,music,thrilling,atu2
1724,music,Classic,gog
435,music,Beautiful,atu2
2792,music,treble,sas
1056,music,concert,ecig
5663,music,Dance,wrongplanet
5487,music,auditory,wrongplanet
1183,music,tunes,ecig
5498,music,Poetry,wrongplanet
6194,music,pleasant,wrongplanet
2901,music,loud,sas
1183,music,songs,ecig
3588,music,poetry,sas
500,music,U2,atu2
4299,music,Audio,sas
5108,music,musically,wrongplanet
3362,music,cd,sas
4611,music,mp3,sas
3413,music,love,sas
1066,music,notes,ecig
12,music,Man,aspiecentral
1138,music,song,ecig
379,music,Crapshoot,atu2
466,music,tunes,atu2
2558,music,marriage,learn_english
